pred_bin,n_games,pred_home_wp_mean,actual_home_wp
0.05,129,0.062050924,0.0
0.15000000000000002,51,0.13237232,0.0784313725490196
0.25,19,0.24680097,0.3157894736842105
0.35000000000000003,16,0.343019,0.125
0.45,18,0.4494107,0.3888888888888889
0.55,45,0.5360526,0.5333333333333333
0.6500000000000001,22,0.64723706,0.5909090909090909
0.75,21,0.75252646,0.8571428571428571
0.8500000000000001,49,0.85189,0.8979591836734694
0.95,169,0.94613177,1.0
