pred_bin,n_games,pred_home_wp_mean,actual_home_wp
0.05,169,0.053984817,0.0
0.15000000000000002,35,0.13499413,0.05714285714285714
0.25,23,0.24867524,0.17391304347826086
0.35000000000000003,13,0.34834173,0.15384615384615385
0.45,15,0.45142153,0.4
0.55,12,0.54691315,0.4166666666666667
0.6500000000000001,7,0.6344248,0.7142857142857143
0.75,26,0.75134563,0.9615384615384616
0.8500000000000001,32,0.8629412,0.96875
0.95,207,0.9527673,1.0
