pred_bin,n_games,pred_home_wp_mean,actual_home_wp
0.05,22,0.06062831663829154,0.0
0.15000000000000002,19,0.1531563777298568,0.0
0.25,29,0.25389573659339565,0.0
0.35000000000000003,21,0.34820003428404916,0.047619047619047616
0.45,30,0.4499772124465592,0.16666666666666666
0.55,32,0.5607753895664433,0.75
0.6500000000000001,30,0.6511960367210841,1.0
0.75,28,0.7515939558614081,0.9642857142857143
0.8500000000000001,21,0.8477710087025795,1.0
0.95,40,0.9598540193526854,1.0
