pred_bin,n_games,pred_home_wp_mean,actual_home_wp
0.15000000000000002,125,0.14436977,0.008
0.25,23,0.2427992,0.043478260869565216
0.35000000000000003,21,0.35732037,0.19047619047619047
0.45,30,0.45004016,0.3333333333333333
0.55,16,0.5483093,0.8125
0.6500000000000001,13,0.65514606,0.8461538461538461
0.75,23,0.76301193,1.0
0.8500000000000001,154,0.8707965,1.0
