pred_bin,n_games,pred_home_wp_mean,actual_home_wp
0.05,14,0.053615720033525015,0.0
0.15000000000000002,28,0.15421240722962062,0.0
0.25,24,0.2467094092858794,0.0
0.35000000000000003,18,0.3408577498528644,0.05555555555555555
0.45,24,0.44960375790078305,0.16666666666666666
0.55,27,0.5464894627386728,0.5925925925925926
0.6500000000000001,43,0.6465548980799077,0.7906976744186046
0.75,37,0.7414159757406288,0.972972972972973
0.8500000000000001,20,0.8524322244549927,1.0
0.95,37,0.9600297996875892,1.0
