pred_bin,n_games,pred_home_wp_mean,actual_home_wp
0.15000000000000002,87,0.14996494,0.0
0.25,39,0.23977688,0.05128205128205128
0.35000000000000003,28,0.35497594,0.2857142857142857
0.45,23,0.45888838,0.34782608695652173
0.55,42,0.5401382,0.5
0.6500000000000001,12,0.65112394,0.8333333333333334
0.75,42,0.75343615,0.8571428571428571
0.8500000000000001,132,0.86451167,1.0
