season,mae_home_margin,mae_home,mae_away,rmse_home,rmse_away,rmse_margin,mae_margin,brier_score_loss_home_wp,n_games
2020,7.6373357222630425,6.206181049346924,6.354519367218018,60.47518539428711,61.49782180786133,108.9952392578125,7.637335777282715,0.10039406210128997,52
2021,5.188596725463867,5.387665748596191,4.882030010223389,50.58035659790039,31.51226234436035,44.1040153503418,5.188597679138184,0.08475240444940914,55
2022,5.026845619895242,5.798015117645264,5.632357597351074,54.12404251098633,47.22556686401367,41.359920501708984,5.026845455169678,0.09857196889156278,55
2023,6.872752519087358,6.102027893066406,5.284784317016602,73.33792114257812,44.25954055786133,90.95555114746094,6.8727521896362305,0.11534398255264558,55
2024,5.977458398992365,5.414883613586426,4.822507381439209,45.43959045410156,38.041969299316406,56.35298156738281,5.977458477020264,0.10680912297256284,55
