season,mae_home_margin,mae_home,mae_away,rmse_home,rmse_away,rmse_margin,mae_margin,brier_score_loss_home_wp,n_games
2020,4.545692338608205,4.930236041080207,5.122214942704886,37.25367520556381,42.52656756816907,38.73028255020938,4.545692338608205,0.09227325591144718,256
2021,4.583226780681049,5.167392919607022,4.623907728668521,46.14160670757151,35.21618932496418,43.14708022360415,4.583226780681049,0.08063268566265407,272
2022,3.9501992729097273,4.7788543885924275,4.95914248841715,40.087949687937325,42.88937188996366,30.877238381784046,3.9501992729097273,0.10611774742960715,271
2023,4.717098530874971,5.194028740146143,5.102388922782505,49.84326583718443,43.94775836568706,47.06946849317204,4.717098530874971,0.09468828694994423,272
2024,3.939362375175252,4.852740738321753,4.573908642810934,39.33560227770392,34.45263511175502,35.979691738290676,3.939362375175252,0.08666691846746678,272
