season,n_games,mae_home_margin,mae_home,mae_away,rmse_home,rmse_away,rmse_margin,mae_margin,brier_score_loss_home_wp,log_loss_home_wp
2020,103,6.550947226366951,5.530380725860596,5.999039649963379,51.196556091308594,53.25928497314453,76.32527923583984,6.550947189331055,0.051263348557008696,0.19548113228192607
2021,109,6.322247207711596,6.0360493659973145,5.445734024047852,56.95197296142578,46.45660400390625,67.09528350830078,6.322246551513672,0.03016211559900638,0.1307049356059197
2022,109,4.522774232636898,5.062903881072998,5.073705196380615,41.27108383178711,39.492454528808594,33.86593246459961,4.522774696350098,0.03516467534872443,0.15120925957661704
2023,109,5.7219313175306405,5.747825622558594,4.8974127769470215,57.85830307006836,36.72633743286133,60.94700622558594,5.721930980682373,0.04064321877511801,0.1589644912015134
2024,109,5.704231358449394,5.573106288909912,4.878171443939209,46.6839485168457,34.84674072265625,52.40644073486328,5.704230785369873,0.03095894613336432,0.13750046129346988
