season,n_games,mae_margin,mae_home,mae_away,rmse_margin,rmse_home,rmse_away,brier_score_loss_home_wp,log_loss_home_wp,mae_margin_implied_by_wp,rmse_margin_implied_by_wp
2020,77,6.745518808241014,5.983071804046631,5.464835166931152,81.8891372680664,57.878849029541016,50.37846374511719,0.08593289944835421,0.31909833306616003,12.015584415584415,246.69573506493515
2021,82,6.390940224252096,5.9557905197143555,5.285409927368164,75.35433959960938,62.91671371459961,41.99041748046875,0.13171241190528402,0.41357452931200583,11.99378048780488,250.46967439024394
2022,82,6.105468808150873,4.5296807289123535,6.013781547546387,56.708740234375,31.125673294067383,53.217529296875,0.08039131728653041,0.29969709139408135,10.948658536585366,188.26035731707316
2023,82,7.1343218756885065,5.669464111328125,5.290386199951172,86.2653579711914,51.93851852416992,43.159027099609375,0.07984430557366252,0.299758805825216,12.118536585365854,227.83620731707322
2024,82,7.726625744889422,5.773890018463135,5.4378533363342285,105.59188842773438,54.08341979980469,44.525020599365234,0.07820789648915562,0.29966039537656597,12.972439024390244,293.0969341463415
