season,n_games,mae_home_margin,mae_home,mae_away,rmse_home,rmse_away,rmse_margin,mae_margin,brier_score_loss_home_wp,log_loss_home_wp
2020,103,6.795819717703513,5.724438190460205,6.1825480461120605,54.21554183959961,58.313724517822266,83.16710662841797,6.79581880569458,0.0645192498478087,0.2278549802462453
2021,109,6.470389602381155,6.078516483306885,5.444515705108643,57.366878509521484,45.430747985839844,76.78739929199219,6.470388889312744,0.048015156626135716,0.18518634830866385
2022,109,4.947994660893712,4.746653079986572,5.107302188873291,40.284393310546875,40.629722595214844,40.55889129638672,4.947994709014893,0.07788036525254685,0.2660515488834556
2023,109,6.510337164642614,6.097874164581299,5.06894063949585,66.91529846191406,41.453975677490234,77.12700653076172,6.510337829589844,0.0969650017716321,0.3096285230317794
2024,109,6.403520837836309,5.8822245597839355,5.1479387283325195,54.57167053222656,39.97190856933594,67.95317840576172,6.403520107269287,0.07745223244485587,0.25942329498469285
