season,mae_home_margin,mae_home,mae_away,rmse_home,rmse_away,rmse_margin,mae_margin,brier_score_loss_home_wp,n_games
2020,5.944936642279992,5.784204959869385,5.560027599334717,52.38733673095703,48.16868209838867,80.72550964355469,5.944936275482178,0.0811315526284844,52
2021,3.137452402981845,4.843003273010254,4.557582855224609,38.4460563659668,27.823184967041016,21.745281219482422,3.1374523639678955,0.061523664706738014,55
2022,3.545126290754838,5.559554576873779,5.088723659515381,48.70607376098633,39.86525344848633,24.252819061279297,3.545126438140869,0.08046457004853205,55
2023,5.148471416126598,5.389624118804932,4.834825038909912,57.749454498291016,37.4520149230957,61.51354217529297,5.148471355438232,0.09370492393154245,55
2024,3.741709397055886,4.51025915145874,4.3549981117248535,32.497291564941406,30.493553161621094,23.14957618713379,3.7417094707489014,0.08499307923415675,55
