season,n_games,mae_margin,mae_home,mae_away,rmse_margin,rmse_home,rmse_away,brier_score_loss_home_wp,log_loss_home_wp,mae_margin_implied_by_wp,rmse_margin_implied_by_wp
2020,77,6.431611779448274,5.76481819152832,5.164915084838867,73.488525390625,54.63319396972656,43.657352447509766,0.07253906402620806,0.2890027554391266,12.163766233766234,249.23922987012995
2021,82,6.378937442128251,5.988304138183594,5.189048767089844,79.27949523925781,62.69469451904297,39.70079040527344,0.07817284600667133,0.28849588280043953,12.454512195121952,260.8130158536585
2022,82,5.908881338631234,4.827886581420898,6.05433988571167,56.200927734375,34.32418441772461,53.97331619262695,0.06216016885723866,0.25070759517754,11.493048780487804,204.90892317073167
2023,82,6.8237467393642515,5.4220356941223145,5.267824649810791,75.49272155761719,48.2872200012207,43.99005126953125,0.05439363766966561,0.2354822344169384,12.803048780487805,251.3492768292683
2024,82,7.235594307504049,5.565567970275879,5.346992492675781,94.93450164794922,49.52479553222656,43.21927261352539,0.052799564698379445,0.23321264082702195,13.63865853658537,315.5145060975609
