season,mae_home_margin,mae_home,mae_away,rmse_home,rmse_away,rmse_margin,mae_margin,brier_score_loss_home_wp,n_games
2020,7.222097781988291,5.9369072914123535,6.31242561340332,55.601444244384766,59.39463424682617,96.32566833496094,7.222098350524902,0.09020909020090676,52
2021,5.02447343306108,5.487583160400391,4.909039497375488,53.32749557495117,33.9920654296875,39.723751068115234,5.024474143981934,0.0861591428665998,55
2022,4.676030280373313,5.675387859344482,5.645412921905518,52.5538444519043,45.019317626953125,35.35251998901367,4.676030158996582,0.09795891817249715,55
2023,5.959996899691495,5.864831924438477,5.243298530578613,66.75054931640625,41.610252380371094,70.54157257080078,5.959996223449707,0.09236336168522082,55
2024,5.460568861527876,5.452444553375244,4.534895420074463,43.633148193359375,33.427162170410156,48.68065643310547,5.460568904876709,0.09560040216414152,55
