season,n_games,mae_margin,mae_home,mae_away,rmse_margin,rmse_home,rmse_away,brier_score_loss_home_wp,log_loss_home_wp,mae_margin_implied_by_wp,rmse_margin_implied_by_wp
2020,77,4.931583565550965,5.42586088180542,4.951168537139893,50.19334030151367,47.68082046508789,43.38428497314453,0.08593289944835421,0.31909833306616003,12.015584415584415,246.69573506493515
2021,82,4.246580658889398,5.416377544403076,4.541911602020264,36.856014251708984,50.56173324584961,32.10109329223633,0.13171241190528402,0.41357452931200583,11.99378048780488,250.46967439024394
2022,82,4.183129833965767,3.973992347717285,5.163478374481201,28.031511306762695,24.476173400878906,40.50090026855469,0.08039131728653041,0.29969709139408135,10.948658536585366,188.26035731707316
2023,82,5.0598609156724885,5.059996128082275,4.505253791809082,49.94637680053711,40.46165084838867,33.034339904785156,0.07984430557366252,0.299758805825216,12.118536585365854,227.83620731707322
2024,82,5.436895928731778,4.814257621765137,4.515253067016602,56.05172348022461,37.19325256347656,30.755455017089844,0.07820789648915562,0.29966039537656597,12.972439024390244,293.0969341463415
