season,n_games,mae_home_margin,mae_home,mae_away,rmse_home,rmse_away,rmse_margin,mae_margin,brier_score_loss_home_wp,log_loss_home_wp
2020,103,4.948684516462308,5.272492408752441,5.477832794189453,46.631431579589844,45.873783111572266,52.40572738647461,4.948683738708496,0.0645192498478087,0.2278549802462453
2021,109,4.381361865122384,5.422346591949463,5.090779781341553,45.14216995239258,40.972084045410156,44.939308166503906,4.381361961364746,0.048015156626135716,0.18518634830866385
2022,109,3.7246338205600003,4.552835464477539,4.770011901855469,35.79912567138672,35.50979995727539,25.27735137939453,3.7246339321136475,0.07788036525254685,0.2660515488834556
2023,109,4.9439024793992346,5.483064651489258,4.648297309875488,54.51136779785156,34.45734786987305,48.54609680175781,4.943902969360352,0.0969650017716321,0.3096285230317794
2024,109,4.310877327525287,5.21652364730835,4.525974750518799,42.65055465698242,32.01627731323242,31.833711624145508,4.310877323150635,0.07745223244485587,0.25942329498469285
